Team Name,Year,Blocked Shots Per Game,Scoring Margin,Three Pt FG Defense,Turnovers Per Game,Field-Goal Percentage,Won-Lost Percentage,Scoring Offense,Rebound Margin,Three-Point Field-Goal Percentage,Field-Goal Percentage Defense,Free-Throw Percentage,Assists Per Game,Turnover Margin,Scoring Defense,Three-Point Field Goals Per Game,Personal Fouls Per Game,Steals Per Game,Qualify Prediction,Probability Yes,Probability No
Auburn,2019,6.2,20.7,35,13.5,46.3,84.6,85.2,5.5,34.9,41.1,67.5,16.9,7.4,64.5,10.5,1,10.4,Yes,0.672726194,0.327273806
Texas Tech,2019,4.8,21.5,24.7,12.8,48.4,92.3,74.3,5.8,34.8,33.4,68.8,15.2,4.7,52.8,6,5,7.8,Yes,0.6645556379,0.3354443621
Houston,2019,4.7,16.5,25.9,11.6,43.4,100,74.4,8.6,33,35.4,72.4,15.1,1.3,57.9,8.8,0,6.9,Yes,0.6464138023,0.3535861977
Virginia,2019,2.8,23.3,24.7,8.6,47.5,100,74.7,5.5,39.1,37.6,78.1,15.1,4.8,51.4,8.3,0,6.8,Yes,0.5869138209,0.4130861791
FIU,2019,4.1,10.9,32,14.7,46.7,71.4,92.6,-6.9,29.9,44.8,64.2,16.7,7.9,81.7,9.1,4,12.4,Yes,0.5803372116,0.4196627884
Marquette,2019,4.6,11.4,30.7,14.7,45.7,78.6,79.1,8.4,38.1,39.7,74.9,14.6,-2.2,67.7,9.3,1,5.5,Yes,0.5803087391,0.4196912609
Tennessee,2019,6.2,19.1,29.7,11.7,51.1,91.7,85.5,5.8,34.9,37.7,72.3,21.2,2,66.4,6.7,2,5.8,Yes,0.5620912513,0.4379087487
Iowa St.,2019,4.8,17.7,31.6,10.7,48.5,84.6,82.5,5.1,34.9,40.3,72.3,16.8,4.1,64.8,8.7,0,7.6,Yes,0.5619132937,0.4380867063
Cincinnati,2019,4.9,17.1,33.4,10.4,46.7,85.7,75.4,7.1,36.5,38.5,72.4,15.5,4.4,58.2,6.3,1,6.9,Yes,0.5609710835,0.4390289165
Michigan,2019,4.3,17.7,29.6,9.6,46.6,100,72.8,4.2,37.6,38.7,65.4,14.4,4.1,55.1,8.2,0,6.6,Yes,0.5555067798,0.4444932202
Oregon St.,2019,5.8,8.3,35.2,13.4,46.4,66.7,73.3,7.1,32.3,39.2,74.2,15.3,-1.3,64.9,6.7,2,6.3,Yes,0.5453738154,0.4546261846
Murray St.,2019,5.6,18.6,26.9,13.3,49.6,83.3,81.9,3.8,35.6,38.9,74.2,19,2.9,63.3,8.2,2,8.2,Yes,0.5347889353,0.4652110647
Duke,2019,8,27.8,28.3,12.8,49.3,91.7,91.6,10.1,32.4,36.9,67.9,18.3,4.8,63.8,8,0,11.5,Yes,0.5338822953,0.4661177047
Wofford,2019,2.7,19.3,32.5,11.1,48.6,73.3,83.7,8.4,39.5,41.5,72,15.6,3.3,64.3,10.7,5,7.4,Yes,0.5116440054,0.4883559946
Mississippi St.,2019,5.1,13.5,33.8,12.9,48.2,92.3,80.2,6.7,38.2,42.8,76,16,1.2,66.7,9.5,2,7.8,Yes,0.511076113,0.488923887
Maryland,2019,5.5,11.6,33.3,13.6,48.1,78.6,77.2,11.8,34.6,40.7,71.8,14.4,-2.1,65.6,7.3,0,5.4,Yes,0.5038596317,0.4961403683
Liberty,2019,2.7,17.5,31.1,11.4,49.9,73.3,78.7,2.5,39.1,41,76.6,16.7,3.1,61.3,10.5,2,7.6,Yes,0.5022911702,0.4977088298
Georgia,2019,6.3,8.7,29.9,16.7,47.7,66.7,79.2,8.2,34.6,38.1,73.8,15.1,-4.6,70.5,6.8,2,5.8,Yes,0.5011509753,0.4988490247
Gardner-Webb,2019,3.3,15.9,30.3,12,49.5,66.7,82.9,2.4,39.2,39.2,72,16.1,4.5,67.1,8,3,8.4,No,0.4941727283,0.5058272717
Ole Miss,2019,4.3,13.3,34.9,13.3,50.7,83.3,79.4,7.5,38.6,41.2,75.7,16.5,1.5,66.1,7.9,2,7.6,No,0.4827278879,0.5172721121
Ohio St.,2019,3.2,16.1,29.3,12.3,48,92.3,78,4.5,37.4,38.2,72.2,16.2,1.2,61.9,7.6,0,5.1,No,0.4820193219,0.5179806781
LSU,2019,5,10.7,35.8,14.3,49,76.9,80.7,4.4,33.1,42,73.5,14.5,1.8,70,7.2,1,10,No,0.4809796356,0.5190203644
Nebraska,2019,4.9,20.6,27,10.6,47.4,78.6,79.6,1.6,37.8,38.1,72.7,14.7,4.8,59,8.9,1,8.5,No,0.4788053561,0.5211946439
Virginia Tech,2019,2.7,24.2,32.1,11.5,51.8,92.3,81.5,4.5,45.3,39.2,72.8,18,4.8,57.3,11.2,1,7.5,No,0.4738760925,0.5261239075
Michigan St.,2019,5.7,19.7,32.5,12.9,50.7,85.7,87.1,12,40.8,36.9,70.5,21.8,-2.3,67.4,9.1,0,5.5,No,0.4708270533,0.5291729467
Clemson,2019,4.3,9.4,38.2,14.3,48.9,76.9,75.3,6.4,31.6,42.3,73.4,12.3,0.7,65.9,6.5,3,7.1,No,0.4696604574,0.5303395426
Notre Dame,2019,5.9,8.5,33.2,9.4,42.5,71.4,76.6,2,34.7,41.5,74,14.4,2.9,68.1,9.1,0,5.8,No,0.468107025,0.531892975
St. John's (NY),2019,2.8,13.6,33.5,10.9,48.6,92.9,83.9,-1.5,40.2,41.4,71.1,15.9,5.6,70.3,9.9,6,9.1,No,0.4677594192,0.5322405808
Nevada,2019,4.4,16,30.8,9.7,46.3,100,82,2.1,34.4,39.3,74.5,15.6,3.6,66,8.6,5,5.7,No,0.4652907605,0.5347092395
Memphis,2019,3.6,8.1,35.1,15.9,46.7,64.3,85.1,4.5,34,44.4,70.4,16.4,2.6,77,7.3,1,9.3,No,0.4647024913,0.5352975087
Minnesota,2019,4.5,7.8,34.3,13.6,44,85.7,75,7.4,31.3,42.2,67.5,15.1,-0.6,67.2,5.4,0,5.2,No,0.4556807393,0.5443192607
Gonzaga,2019,5.3,22.7,30.2,11.7,53.3,86.7,93.7,6,37.9,39.5,75.6,19.3,2.2,71.1,8.9,2,7.7,No,0.4465917171,0.5534082829
Lipscomb,2019,2.5,15.6,32.1,13.2,48.9,69.2,85.8,2.3,33.9,40.9,76.8,17.8,4.2,70.2,7.8,3,8.4,No,0.444047944,0.555952056
Seattle U,2019,4.1,11.8,33.1,12.1,47.3,75,81.4,4.8,39.6,39.6,71.2,13,0.4,69.6,8.1,0,4.9,No,0.4413202149,0.5586797851
North Carolina,2019,3.7,17.2,32.5,14.1,48.1,76.9,90.3,11.5,36.4,41,75,19.4,1.9,73.1,8.2,3,7.9,No,0.4356169525,0.5643830475
The Citadel,2019,3.9,11.8,33.8,12.9,48.7,69.2,97.7,-0.2,37.1,43.9,74.3,18.5,1.7,85.8,13.8,6,7.8,No,0.4292795168,0.5707204832
San Francisco,2019,3.5,17.5,28.5,10.1,47.4,86.7,78.1,8.3,33.8,39.2,65.1,14.3,2.5,60.7,8,5,6.9,No,0.4249576238,0.5750423762
Lehigh,2019,1.5,2.5,32.2,13.7,46.9,66.7,77.6,-2.2,46.7,39.4,76.8,15.4,-2,75.1,10,2,5.6,No,0.4247155198,0.5752844802
Georgetown,2019,4.2,7,33.8,14.7,46.1,78.6,82.5,5.4,36.2,42.2,72.7,17,-0.8,75.5,8.1,1,6.3,No,0.4214472057,0.5785527943
Kentucky,2019,5.8,13.7,38,14.2,49.3,83.3,83.1,11.8,36,42.3,74.4,14.6,0.8,69.4,6.4,4,6.6,No,0.4202125884,0.5797874116
Texas St.,2019,2.6,16.6,28.8,14.4,47.8,85.7,77.1,8.2,37,37.7,67.2,17.4,1.9,60.5,7.9,3,7.7,No,0.4193149391,0.5806850609
Florida St.,2019,3.6,12.9,32.3,15.3,47,92.3,81.3,6.1,34.2,42.5,74.8,12.7,2.2,68.4,7.2,3,8.7,No,0.4182561155,0.5817438845
North Texas,2019,2.9,16.1,30.4,12.6,48.6,93.3,77.6,5.9,38.8,39.7,69.4,14.3,1.7,61.5,9.2,4,7.2,No,0.4085829882,0.5914170118
Utah St.,2019,4.4,13.6,30.6,14.4,46.5,71.4,78.9,10.9,32.6,36.2,75.7,15.8,-0.8,65.4,6.6,3,7.4,No,0.3997803173,0.6002196827
Abilene Christian,2019,2.7,15.2,33.5,12.4,49.4,85.7,76.8,4,40,43.4,69.7,15.8,5.4,61.6,7.3,5,9.3,No,0.3991587508,0.6008412492
Hofstra,2019,3.2,15.4,30.7,11.7,49.1,80,82.2,5.1,38.3,42.7,78.8,14.4,1.9,66.8,8.5,1,6.9,No,0.3977396329,0.6022603671
Loyola Marymount,2019,2.5,10.4,27.3,13.6,44.7,80,70.8,6.5,31,40,76.4,13.3,2,60.4,5.5,2,7.2,No,0.3976881656,0.6023118344
South Dakota St.,2019,2,12.8,30.9,11.9,50.7,64.7,85.8,5.9,42.3,40.3,76.6,14.4,-0.8,73.1,9.6,9,5.6,No,0.3975301036,0.6024698964
Oklahoma,2019,4.1,9.2,31.3,13.8,45.7,84.6,75.5,5.4,35.7,37.8,66.7,13.2,-0.8,66.4,7.1,2,5.7,No,0.3930809338,0.6069190662
Fresno St.,2019,4.3,14,30.2,13.3,46.9,76.9,79.5,2.5,37.5,40.2,74.2,16,2.2,65.5,9.6,2,7.8,No,0.3924205932,0.6075794068
Yale,2019,3.4,7.5,30.7,15.5,49.6,72.7,82.8,6,37.2,41,68.8,18.7,-3.2,75.4,8.5,0,5.4,No,0.382183393,0.617816607
Col. of Charleston,2019,2.7,7.8,31.6,10.4,47,86.7,74.3,0.5,31.3,43.7,76,11.1,3.1,66.5,6.4,0,6.7,No,0.3759404112,0.6240595888
NC State,2019,3.8,23.2,28.4,14.1,52.1,92.9,89.2,10.9,40.9,42.4,69.4,18.1,4.3,66,8.9,3,7.8,No,0.3748469433,0.6251530567
Kansas,2019,4,11.5,31.3,12.9,48.1,92.3,80.8,3.6,34.4,39.6,68.4,15.2,2,69.3,6.8,2,7.7,No,0.3704779006,0.6295220994
Central Mich.,2019,4.2,13.9,30.7,12.8,47.5,84.6,88,2.5,34.9,43.6,65.3,13.7,4.8,74.1,8.2,3,9.4,No,0.3686870172,0.6313129828
UNC Greensboro,2019,3.1,14.9,32.9,11.4,48.7,86.7,80,0.9,35.5,42.5,71.9,13.7,6,65.1,8,6,8.5,No,0.3595748265,0.6404251735
Davidson,2019,2.8,5.9,36.2,11.9,45.4,69.2,75.2,1.9,34,41.5,77.5,15.2,0.6,69.3,9.8,1,5.2,No,0.3541155038,0.6458844962
Ball St.,2019,4.1,11.9,30.8,13,51.1,71.4,84.1,5.1,38.4,40.9,73.2,15.1,-0.8,72.2,7.5,0,5.8,No,0.3536172126,0.6463827874
Jacksonville St.,2019,4.6,8.9,34,13.1,44.8,64.3,76.5,4.1,30.4,40.1,72.8,13.9,3.3,67.6,5.5,6,8.8,No,0.3533349901,0.6466650099
Winthrop,2019,3.1,9.3,32.9,17.1,48.4,61.5,89.4,4.5,39.6,43.3,77,16.8,-3.2,80.1,12.7,3,5.3,No,0.3514525988,0.6485474012
Temple,2019,2.2,5.3,36.7,11.1,44.2,76.9,73.8,0,31.3,45.5,72.7,15.3,4.6,68.5,7.2,0,9.4,No,0.3504613952,0.6495386048
Iowa,2019,3.9,10.1,30.6,12.8,47.2,78.6,82.2,3.4,35.5,44,74.6,16.2,1.1,72.1,8.4,0,6.3,No,0.3501347404,0.6498652596
Georgia Tech,2019,5.2,9.5,27.3,14.6,45.2,61.5,71.3,1.5,30.5,38.2,72,14.8,0.8,61.8,5.8,4,7.7,No,0.3466581414,0.6533418586
Vanderbilt,2019,5.1,12.7,31.9,13.2,47.3,75,82.9,5.8,34.8,39.6,72.6,14.3,-1,70.3,8.4,1,4.8,No,0.3416052748,0.6583947252
Ohio,2019,3.9,1.3,33.4,17,45,66.7,74.3,8.1,28.9,43.5,67.1,14.8,-2.1,73,5.6,1,7.4,No,0.3415005598,0.6584994402
UCF,2019,5.4,12.7,32.8,11.3,48.7,84.6,76.5,5.2,37.1,38.5,62.8,14.4,0.8,63.8,7.1,0,5.2,No,0.3367764359,0.6632235641
Oregon,2019,4.5,9.5,28.7,12.2,45.9,69.2,72.1,3.2,34.3,37.4,76.4,14,0.5,62.5,7,2,6.9,No,0.3342091332,0.6657908668
Ga. Southern,2019,4.1,8.3,34,13.9,50.4,57.1,86,-0.8,30.4,45.4,65,13.6,4.1,77.7,6.4,3,8.3,No,0.3339709194,0.6660290806
Stony Brook,2019,4,5.4,32.4,13.9,42.9,80,75,6.8,35.8,41.5,73.4,10.9,-1,69.6,7.3,6,5.7,No,0.3238155014,0.6761844986
Belmont,2019,4.9,9.4,31.5,12.3,47.4,75,85.8,2.1,35.8,42.2,70.1,19.7,1.3,76.4,10.3,1,8.3,No,0.3149344341,0.6850655659
Arkansas,2019,6.2,11.6,30.3,13.3,46,75,81.8,-1.5,35.6,38.8,65.8,18.1,3.5,70.3,8,4,8.8,No,0.3078844986,0.6921155014
Wisconsin,2019,3.9,11.8,31.3,9.4,48.6,71.4,74.7,2,37.8,41.1,67.4,13.6,2.6,62.9,7.8,2,5.6,No,0.3066495677,0.6933504323
Fla. Atlantic,2019,3,4.1,29.4,15.9,41.6,64.3,73.2,5.5,30.5,40.8,71,13.5,-1.6,69.1,8.6,2,6.2,No,0.3057982205,0.6942017795
Utah Valley,2019,2.6,4.5,35.4,13.2,47.7,68.8,76.4,3.5,36.5,42.3,70.6,13.8,-1.6,71.9,7.6,1,5.9,No,0.3021281186,0.6978718814
Drake,2019,4.1,7.9,29.2,13.4,47.6,78.6,81.2,1,34.7,41.8,72.9,17.6,0.1,73.3,9.4,6,5.9,No,0.3015596565,0.6984403435
Pittsburgh,2019,4.3,15.2,27.5,14.2,46.3,76.9,77.4,2.8,34.6,37.3,73.4,13.8,3.5,62.2,6.9,1,7.4,No,0.3010296074,0.6989703926
Weber St.,2019,4.3,9.1,33.7,12.1,47.5,64.3,82.2,1.6,35.5,42.5,73.8,11.9,-0.1,73.1,7.3,3,5.3,No,0.2983482715,0.7016517285
Indiana,2019,4.6,14.4,29.6,14.6,52.6,85.7,78.5,3.8,36,40.2,64.4,15.6,0.8,64.1,6.4,0,7,No,0.2956025045,0.7043974955
VCU,2019,4.4,5.9,26.5,14.5,40.9,69.2,69.5,-2,29,37.9,67,13.3,2.5,63.6,7.6,0,8.3,No,0.2903979174,0.7096020826
Kent St.,2019,3.2,8.3,31.4,11.1,44.5,84.6,78.2,2.1,37.3,43.8,72.4,14.9,3.2,69.9,8.5,2,7.2,No,0.2890562786,0.7109437214
Villanova,2019,3.1,8.9,33.3,12.4,44.8,71.4,75,3.7,34.9,44.3,73,13.9,0.9,66.1,10.1,2,5.5,No,0.2885985075,0.7114014925
Purdue,2019,3.7,10.1,36.9,11.3,46.2,64.3,78.9,6.2,37.2,43.1,75,15.1,2.4,68.8,10.7,1,5.8,No,0.2885018391,0.7114981609
Austin Peay,2019,3.2,12.7,29.6,14,48.1,64.3,83.5,4.4,36.9,43.1,71,13.9,3.9,70.8,7.6,7,8.1,No,0.285348472,0.714651528
SMU,2019,3.6,9.9,33.6,11.4,46.2,71.4,76.4,5.3,36,42.4,70.4,15,2.6,66.4,8.5,0,7.4,No,0.2819473149,0.7180526851
Colorado,2019,4.2,9.8,31.1,14.2,46.2,69.2,77.8,7.1,34,42.3,72.5,12.4,-0.2,68.1,6.9,2,5.8,No,0.2800997133,0.7199002867
Baylor,2019,6.4,10.1,31.4,14.5,44.9,66.7,70.5,6.3,29,38.2,64.5,13.2,0.8,60.4,6.5,3,7.1,No,0.278183323,0.721816677
Buffalo,2019,4.9,14.5,31.5,11.7,46.3,92.9,83.5,2.7,34.3,40.8,69.6,17.4,4.4,69,9.5,3,7,No,0.2705789974,0.7294210026
TCU,2019,4.3,15.4,28.3,12.4,49.4,91.7,80.2,5.2,34.6,39.5,69.9,20.1,3,64.8,7.7,1,7.3,No,0.2694547028,0.7305452972
Georgia St.,2019,4.9,3.9,35.2,12.3,46.8,71.4,77.1,-5.8,38.6,43.4,65.4,12.5,3.7,73.2,9.4,3,9,No,0.2642699536,0.7357300464
Penn,2019,2.4,7.9,32.5,13.7,47.1,71.4,76.5,0.7,37.6,43.2,62.6,16.1,0.9,68.6,9.2,1,7.4,No,0.2634565767,0.7365434233
Furman,2019,4.2,13.1,33.1,12.1,47.1,86.7,79.2,2.9,35.4,42.6,66.9,16.7,3,66.1,10.3,4,9,No,0.2629651221,0.7370348779
Northwestern,2019,4.5,9.2,28.9,11.7,43.4,64.3,72.2,0.9,33.5,42.8,72.3,16.1,2.7,63,7.6,1,5.6,No,0.2576201437,0.7423798563
Samford,2019,3.8,7.4,31.2,14.9,48.1,68.8,77.6,1.8,39.1,39.2,72.6,13.9,-1.2,70.2,7.5,2,7.2,No,0.2562426939,0.7437573061
Holy Cross,2019,4,2,29.8,11.1,46.7,71.4,68.4,-6.5,36.4,44.1,69.4,17.9,3.2,66.4,7.3,6,6.6,No,0.2560696267,0.7439303733
San Diego,2019,2.9,8.1,31.4,12.8,47.9,68.8,76.3,3.7,35.4,44.1,73.9,16.2,-0.1,68.2,8.1,8,5.3,No,0.2518755024,0.7481244976
NJIT,2019,2.6,4.7,30.9,11.9,44.7,80,72.8,-1.3,33.2,41.4,70.2,10.5,1.3,68.1,6.6,3,6.7,No,0.2461655154,0.7538344846
Duquesne,2019,4.3,3.5,36.9,15.6,42.5,69.2,74.6,-0.6,31.8,43.3,71.3,14.9,2.2,71.2,8.3,6,9.5,No,0.2454708181,0.7545291819
Seton Hall,2019,4.5,6.3,32.8,11.1,45.5,78.6,75.8,-1,32.6,42.5,70.6,13.9,3.6,69.5,6.6,4,6.9,No,0.2443769494,0.7556230506
New Mexico St.,2019,1.9,10.9,35.6,11.4,44.2,73.3,78.4,8.7,31.5,43.8,68.5,13.8,2.9,67.5,8.9,1,5.9,No,0.2405967145,0.7594032855
Longwood,2019,2.4,6.1,32.9,15.7,43,66.7,70.4,4.9,35.5,38.6,72.2,12.3,-1.3,64.3,9.9,1,7.1,No,0.2397300129,0.7602699871
Montana,2019,3,7.6,33.7,13.1,49.4,71.4,75.4,0,37.5,42,66.4,13.5,1.9,67.8,8.5,5,6.9,No,0.2381189485,0.7618810515
UConn,2019,5.3,8.6,31.4,14.1,47.1,64.3,80.4,1.6,35,43.4,68.3,13.9,3.3,71.7,7.6,2,7.7,No,0.2340844597,0.7659155403
Washington,2019,6.3,4.7,34.1,13.3,44.5,69.2,71.2,0.3,30.5,39.2,71.7,11.4,1.2,66.5,6.5,6,7.9,No,0.2288817077,0.7711182923
Old Dominion,2019,4.5,8.9,32.2,11.1,41.6,71.4,66.4,5.7,36,36.4,65.9,12.9,1,57.5,8.1,0,5.4,No,0.2284658979,0.7715341021
Miami (FL),2019,4.4,8.8,31.5,12.2,46.5,61.5,77.9,-1.6,36.1,43.6,69.8,14.2,3.2,69.1,8.9,1,6.8,No,0.2260087037,0.7739912963
Brown,2019,4.4,8.7,26.3,14.6,45.5,71.4,75,1.5,33.6,39,69.1,15.1,0.1,66.3,8.4,4,7.5,No,0.2259368182,0.7740631818
South Fla.,2019,3.7,10.4,30.1,16.8,44.2,84.6,75,9.9,34,40.5,62.6,14.2,0.5,64.6,6.5,7,9.2,No,0.2239013228,0.7760986772
Southern Miss.,2019,3.8,9.1,32.1,9.7,44.3,57.1,72.1,0.1,35.5,39.3,60.8,17,4.5,63.1,8.1,3,8.2,No,0.2160559648,0.7839440352
Butler,2019,2.1,6.7,35.5,10.9,45.3,64.3,72.6,-0.5,36.8,44.2,75.3,14.2,3.1,65.9,8.9,2,5.5,No,0.2153031036,0.7846968964
Boston College,2019,3.8,6.5,31.2,12.8,45.3,75,77.3,4.3,30.7,39.1,69.2,12.5,-0.8,70.8,6.6,2,6,No,0.2132851003,0.7867148997
Princeton,2019,2.8,-1.9,33.6,12.5,41.1,58.3,71.1,-4,33.2,43.5,75.3,11.8,0.5,73,9,3,6.3,No,0.2089186278,0.7910813722
Louisiana Tech,2019,3.9,8.6,35.7,12.2,46.5,73.3,78.6,4.1,34.8,44.1,69,14.7,1.7,70,7.9,3,6.4,No,0.2087519674,0.7912480326
UC Santa Barbara,2019,3.9,13.5,28.1,11.4,48.1,78.6,77.8,9.8,34.6,39.1,71.2,15.4,-0.4,64.3,6.4,4,5,No,0.2085130701,0.7914869299
Louisville,2019,3.6,9.8,34.4,12.4,44.8,69.2,78.5,5.5,35.1,42.1,76.8,12.6,-0.7,68.7,8.1,2,5.2,No,0.2069477691,0.7930522309
UC Irvine,2019,4.5,5.9,34.4,13.3,44,75,70.4,5,36.2,38,68.6,12.3,-0.6,64.4,6.8,5,6.6,No,0.2031222995,0.7968777005
Saint Mary's (CA),2019,2.1,10.4,31,10.3,48.8,56.3,77,4.2,39,43.7,74.2,11.8,0.9,66.6,8,3,6.5,No,0.2004817246,0.7995182754
Providence,2019,4.4,6.4,34.8,12.8,44.7,71.4,74.7,3.2,38.4,42.2,67.2,14.6,0.7,68.3,7.2,2,6.2,No,0.1988630476,0.8011369524
Western Ky.,2019,5.5,1.1,35.4,14.1,46.2,57.1,73.1,2.6,36.2,44.1,72.9,12.2,-1.6,72.1,5.8,2,7.4,No,0.194819151,0.805180849
Bowling Green,2019,3.2,7.2,36,13.5,44.4,61.5,77.6,12,33.1,39.5,62.8,13.5,-1.2,70.4,7.2,1,5.5,No,0.1939881517,0.8060118483
Akron,2019,3,13.6,31.5,11.8,44,61.5,75,0.5,35,39.3,68.1,13.3,2.8,61.4,10.3,4,5.2,No,0.1935780227,0.8064219773
Northern Colo.,2019,3.1,9.9,37.4,13.7,47.7,61.5,82,5.7,39,45.6,75.2,13.2,-0.9,72.1,10.8,3,4.5,No,0.1925938997,0.8074061003
ETSU,2019,3.6,14.4,32.2,15.4,47.6,75,78.9,14.1,35.3,40.2,66.6,15.4,-0.1,64.5,8.2,5,7.4,No,0.1922815294,0.8077184706
Purdue Fort Wayne,2019,4.3,6.8,37,13.4,49.2,61.1,84.3,0.2,37.2,44.7,66.1,16.2,0.4,77.6,10.8,6,7.5,No,0.1841809589,0.8158190411
Presbyterian,2019,2.3,8.7,34.3,9.7,45.4,53.3,80.2,-2.1,39.4,43.9,70.6,15.9,5.3,71.5,11.3,3,6.3,No,0.1823497919,0.8176502081
La.-Monroe,2019,2.5,6.5,32.5,11.3,44.1,61.5,75.6,-4.3,41.5,42.7,75.4,13.2,2.3,69.1,9.6,1,5.8,No,0.1779311592,0.8220688408
Florida,2019,4.7,11.2,29.6,11.7,44.6,66.7,71,2.3,35.6,39.2,64.8,13.6,4.5,59.8,8.7,1,8.3,No,0.1765449832,0.8234550168
Fordham,2019,4.4,9.2,28.3,11.4,43.8,69.2,71.8,-0.5,35.1,40.2,69.1,12.3,3.7,62.7,9.2,4,5.9,No,0.1644872493,0.8355127507
Dayton,2019,2.5,6.3,34.5,12.7,51.2,61.5,75.5,3.9,32.1,43.2,69.6,17.2,-0.8,69.2,6.2,2,4.8,No,0.1634906578,0.8365093422
Alabama,2019,5.2,5.2,35.1,13.8,45.7,75,76.5,6.7,34,44.2,67.8,12.8,-0.7,71.3,6.9,4,4.6,No,0.1634151585,0.8365848415
Texas,2019,4.7,9,32.3,11.6,42.9,69.2,73.5,1.1,33.5,39.2,66.4,14.2,3,64.5,9.1,4,6.6,No,0.1594712918,0.8405287082
Vermont,2019,4.2,5.9,34.7,10.6,44.8,71.4,76.1,0.2,32.5,44.6,74.7,11.8,3,70.1,7.8,3,5.5,No,0.1591557187,0.8408442813
South Alabama,2019,4.7,3.9,33.2,14.4,45.9,57.1,73.3,-1.7,38.3,43.9,63.5,15.8,0.2,69.4,9.1,4,6.4,No,0.1575112425,0.8424887575
Kansas St.,2019,2.1,7.3,29.6,12.5,42.7,76.9,65.8,5,31.5,39.4,62.4,13.9,2.5,58.5,6,2,7.4,No,0.1513495867,0.8486504133
Tulsa,2019,2.4,3.7,33.1,11.9,45.2,71.4,71.1,-0.9,32.2,39.9,68.4,12.2,0.9,67.4,6.3,2,5.5,No,0.1512863577,0.8487136423
Northern Ky.,2019,3.8,12.2,28.3,12.6,47.2,75,78.3,4.6,35,39.4,63.5,16.4,1.4,66.1,8.9,3,6.5,No,0.1501373738,0.8498626262
Lamar University,2019,3.1,12.1,29.8,15.9,46.3,50,81.9,6.9,33.4,42.4,64.8,15.7,2.6,69.8,7.1,3,10.2,No,0.1499348639,0.8500651361
Loyola Chicago,2019,3.1,9.1,30.9,13.6,49.7,57.1,68.6,2.6,33.7,41.1,64.2,15.1,0.1,59.5,6.4,1,7,No,0.149483887,0.850516113
Saint Louis,2019,4.8,4.5,29.9,14.2,41.9,69.2,67.9,5.4,31.9,40.5,59.6,12.9,0.5,63.4,5.6,0,8.3,No,0.1488162446,0.8511837554
Northern Ill.,2019,1.8,6.5,38.3,12.4,50.5,53.8,79.9,4.9,37.5,44.4,68.2,14,0.1,73.4,7.3,0,4.8,No,0.1422390835,0.8577609165
Rhode Island,2019,4.3,5.9,27.5,12.1,41,58.3,71.5,4.2,25.6,40.4,68.3,11.4,3,65.6,5.4,6,7.8,No,0.1407056679,0.8592943321
Troy,2019,4.5,4.4,36,12.6,46.3,53.8,76.1,0.7,32.7,43.1,73.6,13.9,0.8,71.7,7.6,2,6.5,No,0.1380509401,0.8619490599
Arizona St.,2019,3.9,6.2,33.2,13.2,43.5,69.2,80.2,8.2,33.2,40.5,67.8,13.4,1.1,73.9,6.7,7,6.2,No,0.1320132522,0.8679867478
Arkansas St.,2019,4.6,-1.4,30.5,14.4,41.1,50,75.2,1.9,36.5,42.8,72.7,11.6,-1.2,76.6,7.9,3,7,No,0.1296964686,0.8703035314
UAB,2019,2.2,4.2,31.2,13.9,45.9,64.3,70.5,7,32.1,41.7,64.8,12.3,0.2,66.3,6.4,3,7.1,No,0.1286747532,0.8713252468
Miami (OH),2019,3.3,7.2,32.2,12.3,45.2,61.5,76.3,6.1,34.1,43.9,69.9,12.8,0.4,69.1,9.4,1,5.9,No,0.1262555994,0.8737444006
Indiana St.,2019,3.3,-1.1,33.1,13.9,45.9,61.5,71.5,0.3,42.5,43.2,69.6,12.1,-0.8,72.6,5.9,6,5.5,No,0.1261492295,0.8738507705
Radford,2019,3.4,5.9,33,11,46,57.1,73.9,1.4,39.4,43.1,69.7,14.4,2.5,67.9,8.8,1,6.4,No,0.1248613339,0.8751386661
Missouri,2019,1.9,5.9,32.7,13.7,43.8,75,69.1,3.7,39.3,42,69,11.3,-0.4,63.2,9,7,5.4,No,0.123588967,0.876411033
Sacramento St.,2019,3.5,4.4,33.2,14.8,44.2,54.5,69.6,2.4,27.4,43,63.6,14.6,2.8,65.3,4.2,5,8.5,No,0.1226483237,0.8773516763
SFA,2019,4.4,1.2,34.1,16.7,45.3,61.5,70.1,2.3,37.2,43.3,66.7,13.1,-0.2,68.8,7.2,2,6.5,No,0.121976315,0.878023685
Louisiana,2019,4.7,3.5,37.7,14.8,44.8,61.5,83.6,-3.1,35,44.8,75,14.9,2.3,80.1,8.9,5,8,No,0.1201319652,0.8798680348
Dartmouth,2019,3.9,6.3,31.1,11.8,45.1,56.3,76.1,3,40.2,43.7,71.4,15.9,-1.3,69.8,10.8,0,4.4,No,0.1198716515,0.8801283485
Arizona,2019,2.6,8.4,28.7,11.7,44.9,71.4,73.3,0.2,32.3,41.8,73.5,12.1,3.5,64.9,7,0,5.3,No,0.1194373806,0.8805626194
Oakland,2019,2.8,-1.8,38.6,11.8,47.1,43.8,77.8,-5.8,42.8,50.2,75.2,18.3,0.2,79.6,10.8,8,5.8,No,0.1186255673,0.8813744327
Santa Clara,2019,4.3,4.1,29.3,14.1,46.2,60,73.5,0.5,36.8,41.6,70,15.5,-2.8,69.3,8.2,13,4.7,No,0.1171929663,0.8828070337
Nicholls St.,2019,4.6,-0.1,31.9,13.4,41.4,57.1,73.4,-4.8,33.5,43,78.4,13,1.8,73.5,9.5,5,6.7,No,0.111798247,0.888201753
Hawaii,2019,2.4,4.5,30.4,12.8,44.2,64.3,71.6,1.9,33.4,42.7,68.3,14.8,-0.3,67.1,8.6,3,5,No,0.1090384671,0.8909615329
Valparaiso,2019,2.9,4.3,32.6,13.2,46.5,57.1,73.1,0.2,32.9,44.4,69.7,15.5,0.6,68.9,6.8,0,6.5,No,0.1090134031,0.8909865969
West Virginia,2019,4.9,5.4,33.5,16.2,42.5,61.5,77.8,7.3,33.6,41.4,68.8,14.3,-2.6,72.4,8.5,7,5.5,No,0.1089296623,0.8910703377
BYU,2019,3.1,5.6,35.5,11.4,48,56.3,84.9,-0.3,31.4,42.3,73.8,16.4,1.4,79.3,7.3,9,6.1,No,0.1082000897,0.8917999103
Eastern Ill.,2019,2.9,-3.2,38.3,12.6,42.7,57.1,72.9,-3.4,37.1,46.3,71.5,12.4,1.9,76.1,8.6,1,6.6,No,0.1000218415,0.8999781585
Syracuse,2019,4.5,10.2,30.3,11.6,43,69.2,71.6,0.7,29.9,38.5,69.5,12.5,4.7,61.5,6.7,6,8.8,No,0.0995553983,0.9004446017
American,2019,4.1,5.4,28.6,12.8,46.8,58.3,72.5,-0.3,33.5,40.5,67.6,12.9,-0.6,67.1,7.1,5,6.8,No,0.0982029659,0.9017970341
CSU Bakersfield,2019,3.3,2.1,36.7,13.9,43.8,64.3,72.3,3.9,34.2,44.1,65.4,13.5,1.9,70.1,7.6,3,7.6,No,0.0961581176,0.9038418824
Green Bay,2019,3.5,4.5,33.7,11.8,45.5,53.3,85.7,-3.6,36.3,44.2,67.8,15.7,4.4,81.3,8.9,2,8.6,No,0.0946400573,0.9053599427
Delaware,2019,3.2,1.1,35.8,12.6,46.4,62.5,72.8,0.1,37.9,42.6,71.6,13.3,-2.2,71.6,8.3,2,4.7,No,0.0909525929,0.9090474071
Pacific,2019,1.4,2.3,35.4,13.9,45.5,62.5,76.1,3.6,35.3,46.8,76.8,11.5,0.1,73.9,6.6,5,6.7,No,0.0884089666,0.9115910334
Little Rock,2019,3.4,-0.5,35.7,16.4,50.5,35.7,79,-0.1,35.8,43.8,62.2,16,-2.4,79.5,7.1,10,6.2,No,0.0882438679,0.9117561321
Campbell,2019,3,6.5,34.9,12.5,46.9,50,78.5,-1.5,33.8,44.7,67.9,15.5,2.9,72,9.8,5,8.8,No,0.0880700384,0.9119299616
CSUN,2019,4.7,-5.1,38.7,14.7,47.6,40,77,-1.2,35.1,45.9,62.8,16.6,-1.6,82.1,6.5,6,6.7,No,0.085965932,0.914034068
N.C. A&T,2019,2.8,-7.7,34.8,13.4,46.4,30.8,70.5,-8,37.9,46.3,67.8,13.7,0.4,78.2,7.9,0,6.4,No,0.0846954158,0.9153045842
Hampton,2019,3.6,7,27.7,12.2,41.1,38.5,80.4,2,32.7,41,76.7,13.5,1.1,73.4,7.9,9,6.1,No,0.0770061777,0.9229938223
High Point,2019,3,0.2,36.4,12.9,46.1,50,70.2,4.9,32.1,44.8,63.3,12.7,-0.1,70,5.6,2,7.1,No,0.0757175356,0.9242824644
Omaha,2019,1.9,0.3,36.5,10.9,47.9,50,78.5,-6.1,38.9,47.7,72.2,14.3,3.3,78.2,9.3,1,5.8,No,0.0732632948,0.9267367052
Loyola Maryland,2019,2.6,-7.5,39.5,14.1,45.8,28.6,73.6,-1.3,35.2,47.4,71.3,14.4,-1.6,81.1,6.8,1,6.6,No,0.0724795067,0.9275204933
IUPUI,2019,3,4.5,34,13.8,45.3,56.3,77.6,3.7,32.9,43.7,70.9,13.9,0.6,73.1,7,3,6.4,No,0.072475272,0.927524728
Air Force,2019,1.9,-2.9,35.1,16.1,47.4,38.5,67.2,2.2,33.1,44.3,66.2,13.2,-3.6,70.1,6.5,2,4.8,No,0.070463481,0.929536519
William & Mary,2019,4.2,-4.2,38.8,12.3,46.6,40,73.1,-2.2,33.2,47.1,47.1,16.9,-1.7,77.3,8.4,0,4.5,No,0.0702875132,0.9297124868
UIC,2019,3.7,-1.6,35.4,14.8,46.7,43.8,75.6,-4.1,36,42.9,65.8,14.3,-1,77.1,9.9,5,6.7,No,0.0697989582,0.9302010418
Marshall,2019,4.9,-0.8,36.3,13.3,44.5,57.1,79.9,-8.6,34.2,46.3,67.3,15.1,4.7,80.6,9.5,3,9.3,No,0.0692337387,0.9307662613
UMass Lowell,2019,3.1,3.6,31.9,15.5,49.2,53.3,84.1,0.9,35.1,45.6,69,17.5,-0.7,80.5,7.9,4,6.3,No,0.0685824191,0.9314175809
San Diego St.,2019,3.2,6.5,32,12.8,45.4,61.5,76.9,2.2,39.8,41.4,72,15.9,0.8,70.4,8.8,5,5.8,No,0.0653788072,0.9346211928
California,2019,3.5,-5.2,38.7,11.2,46.3,38.5,73,-5.8,38.1,49.2,76.3,11.1,1.6,78.2,7,2,5.6,No,0.0610623223,0.9389376777
Texas A&M,2019,5.6,4.5,32.4,14.9,45.1,54.5,75.7,5.3,29.1,40.2,69.7,14.2,-0.2,71,6.2,2,7.1,No,0.0610274983,0.9389725017
Charleston So.,2019,2.9,7.2,33.3,15.5,40.7,46.2,77.1,2.5,32.4,45.3,64.8,13.5,6.2,69.9,9.2,3,9.9,No,0.0582370808,0.9417629192
Coastal Caro.,2019,2.8,8.1,29.9,14.2,47.5,53.8,77.5,4.7,40.4,40.7,69.4,13.2,-0.8,69.4,8.6,4,5.5,No,0.0568786119,0.9431213881
UCLA,2019,5.3,4.3,34,13.6,45.6,57.1,77.6,5.7,33.2,39.7,62.7,14.9,-2.9,73.3,7.4,1,5.6,No,0.0545260607,0.9454739393
Harvard,2019,4.3,0.4,34.7,17,47.8,50,69.4,3.7,36.3,43.3,64.1,13.8,-5.3,69,8.4,1,4.9,No,0.0539789637,0.9460210363
Rutgers,2019,4.8,6.1,33.6,13.3,41,58.3,69.1,6.4,31.3,41.3,62.6,13.2,0.5,63,7.3,0,6.7,No,0.0517425018,0.9482574982
Colorado St.,2019,1.7,-2.1,36.6,11.3,46,35.7,75.2,-1.2,35,44.1,70.1,12.7,-1.4,77.3,8.1,2,5.2,No,0.0500269687,0.9499730313
Grand Canyon,2019,2.7,4.9,37,11.6,43.9,57.1,74.1,2.3,30,44.3,72.9,14.3,2.6,69.3,6.9,3,5.9,No,0.0493271239,0.9506728761
Richmond,2019,2.9,2.5,34.5,10.8,47.6,46.2,72.4,-3.5,33,47.6,70.3,15.6,2.2,69.9,7.6,1,8,No,0.0469664269,0.9530335731
Eastern Ky.,2019,3.8,2.1,34.4,15.1,42.1,50,85.1,-2.1,30.9,47,69.3,16,5,82.9,9.1,3,11.2,No,0.0469660713,0.9530339287
Xavier,2019,3.5,4.3,35.6,13.9,48.4,60,75,4.1,33.7,43,68.7,14.7,-1.5,70.7,7.3,5,6.7,No,0.0468000644,0.9531999356
George Mason,2019,3.9,3,33,12.9,46.1,50,73.4,-0.1,34.9,44.3,70.9,12.6,0.5,70.4,6.9,1,6.6,No,0.0464799901,0.9535200099
Massachusetts,2019,2.7,3.4,34.8,12.8,47.3,53.8,79.2,1.3,36.5,44.5,66.9,15.8,0.2,75.8,8.8,2,5.1,No,0.0455591936,0.9544408064
Wake Forest,2019,3.2,2.3,31.6,12.9,44.2,58.3,74.4,6.5,34.5,44.1,71.9,11.5,-1.8,72.2,6.5,1,4.9,No,0.0451169475,0.9548830525
Mercer,2019,2.5,4.9,32.9,13.9,44.5,35.7,73.2,0.9,31.8,41.9,69.7,12.7,1.7,68.3,7.1,2,7.3,No,0.0429402589,0.9570597411
Sacred Heart,2019,3.6,-2.1,36.1,15,47,35.7,82.1,4,36.3,46.3,70.8,15.7,-3.1,84.3,7.8,1,5.3,No,0.0423940366,0.9576059634
Western Ill.,2019,4.6,1.7,36,12.6,44,40,73.1,-0.3,38.1,42.1,73.7,11.1,-0.7,71.4,8.1,3,5.9,No,0.0423882772,0.9576117228
Grambling,2019,4.1,0.3,30.3,15.2,44.6,46.2,71.6,0.4,40.2,40.2,65.1,12.8,-1.9,71.3,6,6,5.6,No,0.040814743,0.959185257
Detroit Mercy,2019,2.8,-4.9,31.4,10.9,40.1,40,70,-9.5,37.3,44,66.1,10.6,3.7,74.9,9.9,3,8.1,No,0.0399116624,0.9600883376
Houston Baptist,2019,1.3,-1.7,40.4,14.3,45.6,41.7,83.3,1.3,34.9,50,66.3,14.6,2,84.9,7.3,2,7.7,No,0.0388683956,0.9611316044
Washington St.,2019,2.8,6.2,33.3,12.7,47.3,53.8,82.2,-0.3,36.3,44.2,72.7,15.9,0.7,76.1,9.8,3,5.2,No,0.0384404087,0.9615595913
Drexel,2019,1.9,0.7,38.3,13.1,48,43.8,79.4,4.9,37.9,48.9,76.8,15.3,-1.9,78.7,7.6,2,4.3,No,0.038421967,0.961578033
Northeastern,2019,1.9,0,37.1,12.7,48.7,50,74,-0.1,39.3,47.6,73.8,14.5,-1.7,74,9.1,4,5.9,No,0.037326887,0.962673113
Oral Roberts,2019,3.3,-5.8,34.4,15.1,45.9,35.3,71.3,1.1,34.1,44.6,65.1,13.8,-4.1,77.1,7.6,4,4.6,No,0.035443846,0.964556154
Boise St.,2019,2.7,2.9,34.3,12.9,46.6,42.9,69.9,2.9,34.4,43,69.7,11.2,-1.3,67.1,7.1,4,5.6,No,0.0345514932,0.9654485068
Missouri St.,2019,3.9,1.9,39.4,13.5,46.8,42.9,77.3,0.4,34.7,44.9,71.9,14.1,1.6,75.4,8.1,2,7,No,0.034400803,0.965599197
Portland St.,2019,3.7,4.5,34.1,15.2,40.9,38.5,79.5,10,28.7,45.3,66.5,14.3,3.1,74.9,7,7,10.1,No,0.0338493222,0.9661506778
New Mexico,2019,3.4,1.2,34.4,15.2,43.4,53.8,78.5,-1.5,36.5,45.4,68.1,14.4,-0.4,77.3,9.8,1,7.8,No,0.0338422116,0.9661577884
South Carolina,2019,5,3.7,37.3,13.7,42.1,41.7,74.1,1.8,30.8,40.9,71.2,13.4,2.8,70.4,6.7,3,6.8,No,0.0338393014,0.9661606986
LIU Brooklyn,2019,4.3,-0.8,32.1,15.2,42.9,46.2,75.2,0.1,31.9,44.1,68.6,13.1,-0.8,76.1,8.7,5,7.8,No,0.0334358878,0.9665641122
Hartford,2019,1.6,-0.9,31.8,13.9,44,46.7,74,-5.6,35.5,46.1,77.2,13,1.8,74.9,8.9,6,7.7,No,0.0334358878,0.9665641122
Idaho,2019,1.8,-1.2,31.9,13.1,45.7,28.6,72.6,0.5,35.2,42.7,70.2,12.1,-3.1,73.9,7.6,2,4.8,No,0.0334358878,0.9665641122
Appalachian St.,2019,2.9,3.9,34.3,14,46.8,35.7,82.4,-1.5,35.7,45.2,70.2,13.4,-0.1,78.4,8.8,8,5.1,No,0.0326866874,0.9673133126
UMBC,2019,2.2,5.3,33.2,13.3,43.1,53.3,70.9,0.1,32.8,41.9,66.7,14.8,3.7,65.5,9,1,8.2,No,0.0325083345,0.9674916655
Pepperdine,2019,2.9,5.3,32.5,12.3,45.3,53.3,79.6,-5.3,37.3,44.9,73.2,15.1,4.2,74.3,9.2,7,7.4,No,0.0275560236,0.9724439764
Wagner,2019,3.7,2.3,35.7,14.9,42,50,72.3,7.1,32.8,42.8,72.8,13.2,-1.3,70.1,8.8,8,6.9,No,0.0260475988,0.9739524012
Southern California,2019,3.4,5.9,33.1,12.4,46.5,57.1,79.5,-0.4,37.2,41.6,66,16.5,1.5,73.6,7.6,7,6.6,No,0.0258371537,0.9741628463
Southern Ill.,2019,4.1,1.6,34.5,15.9,47.4,57.1,70.4,0.7,38.6,41.6,71.7,15.6,-2.5,68.7,7.1,5,6.1,No,0.024885264,0.975114736
Cleveland St.,2019,3.2,-1.7,29.5,14.1,42.7,31.3,74.6,-1.5,36.4,43.2,67.2,15.1,-2.1,76.3,9.8,0,4.7,No,0.0205825243,0.9794174757
East Carolina,2019,4.1,1.6,27,16.2,43.3,53.8,69.8,4.3,27.4,40.9,67.4,13.2,-1.2,68.2,4.6,2,8,No,0.0203947873,0.9796052127
McNeese,2019,3.1,-1.3,35.5,15.8,48.4,38.5,72.2,4.7,30.4,45,69.9,14.2,-4.2,73.5,5.2,3,4.3,No,0.0192607328,0.9807392672
Illinois St.,2019,3.7,-2.2,31.4,13.1,43.4,50,74.1,-2.2,34.8,43.9,71.5,14.9,-0.1,76.3,8.6,6,5,No,0.0174313403,0.9825686597
Bucknell,2019,2.8,-0.2,31.8,12.6,44.7,53.8,73.8,-4.7,36.1,43,70.5,14.7,-0.8,74.1,9.3,3,4.2,No,0.0174313403,0.9825686597
Idaho St.,2019,3.4,0.1,32.1,12.2,45.3,50,76.9,0.7,39.9,45.3,73.5,14.6,-2,76.8,10.5,2,5.2,No,0.0174313403,0.9825686597
UNLV,2019,4.5,2.1,36.9,15.2,41.6,53.8,73.9,10,28.8,44.5,70.6,11.5,-1.6,71.8,6.5,3,5.9,No,0.0173847203,0.9826152797
Towson,2019,3.1,-2.7,33.6,14.3,43,33.3,66.7,7.1,32.3,42.8,72.1,9.7,-3.4,69.4,5.6,7,4.9,No,0.0170217464,0.9829782536
Savannah St.,2019,2.4,-23.1,37.3,16.7,37.4,21.4,77.1,-8.3,28.5,50.7,64.5,15.8,-2.6,100.1,12.2,1,7.4,No,0.0165037232,0.9834962768
North Florida,2019,4.8,-4.7,33,18.2,44.9,40,75.7,0.6,31.5,44.3,71.6,15,-4.6,80.5,8.3,5,6.8,No,0.0161832104,0.9838167896
Cal St. Fullerton,2019,3.3,1.1,31.5,13.9,45.4,28.6,74,1.1,31.5,41.9,69.9,13.9,-1.2,72.9,6.3,6,6.1,No,0.0159062834,0.9840937166
New Orleans,2019,4.1,-0.3,33.7,17,44.2,41.7,71,-0.6,30.2,44.1,62.1,16.8,2.1,71.3,5,0,10.4,No,0.015397954,0.984602046
Jacksonville,2019,5.9,0.7,34.2,14.5,45.5,46.7,76.3,-1.1,31.4,44.1,70.8,15.1,-0.7,75.6,6.3,1,6.4,No,0.0153791253,0.9846208747
Army West Point,2019,1.4,-2.4,34.8,11.9,40.9,35.7,71.5,-2.9,30.6,45.6,65.6,16.8,3.1,73.9,9.2,3,6.4,No,0.0151415437,0.9848584563
Tennessee St.,2019,2.8,-4.8,32.4,17.6,41.1,23.1,72.7,1,33.2,47.1,67.1,12.5,-1,77.5,8.4,7,8,No,0.0149173693,0.9850826307
Boston U.,2019,2.1,2.4,31.5,13.6,47.8,50,71.1,2.5,31.8,43.2,63.9,13.9,-0.7,68.7,6.2,3,5.1,No,0.0131795988,0.9868204012
Cornell,2019,3.7,-1.6,30,13,43.1,46.7,68.5,-4.5,31.8,42.9,71.4,15.5,-1.7,70.1,7.9,0,4.6,No,0.0127542414,0.9872457586
Bethune-Cookman,2019,3.7,-1.5,30.9,15,43.1,35.7,72.3,2.3,31,42,61.2,14.1,0.1,73.8,6.6,6,7.5,No,0.0120022774,0.9879977226
Wichita St.,2019,3.1,-0.5,32.3,13.3,40.8,53.8,70.4,2.3,30.9,43.6,66.5,13.8,0.7,70.8,7.5,1,5.4,No,0.0116955752,0.9883044248
Colgate,2019,3,2.2,30.2,13.3,44.4,57.1,72,3.2,33.2,41.4,72.8,13.8,-1.6,69.8,8,2,4.9,No,0.0112048527,0.9887951473
Siena,2019,2.5,-5.9,44.8,9.8,44.9,35.7,64.8,-2.6,33.1,51.6,60.6,12.7,-0.1,70.7,9.1,0,5.1,No,0.0111111111,0.9888888889
St. Francis Brooklyn,2019,4.6,1.4,30.2,12.4,41,57.1,72.1,1.4,33.9,43.8,66.4,11.3,0.6,70.7,8.6,2,5.1,No,0.009983671,0.990016329
Utah,2019,2.3,1.3,37.4,13.1,46.5,53.8,75.2,4.8,37.4,46.1,74.1,14.3,-3.1,73.9,9.4,3,3.5,No,0.0092926621,0.9907073379
North Dakota,2019,3.4,3.2,35.2,14.6,46.5,40,74.6,-0.3,35.6,43.4,70.9,14.3,-0.3,71.4,7.7,3,6.2,No,0.0092102278,0.9907897722
Elon,2019,1.9,-6.6,38.2,14.8,43.9,31.3,70.3,-3.3,36.4,45.4,68,14.3,-3.3,76.8,10.3,3,4.2,No,0.006387335,0.993612665
Norfolk St.,2019,4.9,0.3,34.1,14.7,42.9,33.3,71.7,-3.2,34.6,41.9,69.2,11.7,1.4,71.4,7.2,8,6.3,No,0.0060924545,0.9939075455
Youngstown St.,2019,3.4,-5.5,35.3,15.2,42.2,25,76.6,3.8,33.6,47,68.6,13.9,-2,82.1,9.6,8,7.1,No,0.0058822845,0.9941177155
Saint Francis (PA),2019,2.8,-1.9,36.6,13.6,42.5,41.7,77.3,5.5,31.6,45.9,69.9,12.5,-0.6,79.2,7.7,2,6.9,No,0.0055825243,0.9944174757
UTRGV,2019,3.3,-2.4,32,13.1,38.4,50,68,-6.8,27,44.1,68.3,13.3,4.8,70.4,5.2,2,9.9,No,0.0046962976,0.9953037024
FGCU,2019,3.3,-5.9,37.3,15.6,45,33.3,72.7,-1.9,36.2,47,64.3,13.5,-1.5,78.5,7.9,5,6.9,No,0.0044933956,0.9955066044
Rider,2019,2.5,-0.5,36.9,13.6,45.2,46.2,77,-1.2,38,47.2,59.2,14.4,3.7,77.5,7.8,1,9.5,No,0.0044933956,0.9955066044
Oklahoma St.,2019,4.8,1.2,33.9,15.1,44.6,46.2,70.6,1.6,38.6,40.8,66.4,14.1,-0.7,69.4,8.6,2,6.8,No,0.0041844439,0.9958155561
USC Upstate,2019,3,-2.5,31.5,14.8,42,33.3,70.3,-2.3,33.9,43.7,68.6,14.7,-0.4,72.9,8.5,6,7.1,No,0.003360302,0.996639698
Southeast Mo. St.,2019,3,-0.7,29,14.6,43.8,35.7,71.8,1,36.4,43.4,65.8,14.4,-1.9,72.5,9.9,5,5.3,No,0.003360302,0.996639698
Kennesaw St.,2019,3.3,-15.7,35.9,14.4,37.1,14.3,60.3,-2.6,30.4,47.3,65.7,10.7,-2.4,76,4,3,5.5,No,0.0030611568,0.9969388432
Bradley,2019,3.7,1.7,35.2,13.9,44.3,57.1,69.4,-0.4,33.6,41.7,68.4,13,1.4,67.7,6.4,2,6.5,No,0.0028400168,0.9971599832
UTSA,2019,2.6,1.1,32.8,14.1,41.7,50,74.9,-0.4,31.6,42.3,73.5,11.1,0.8,73.8,7.8,4,7.6,No,0.0025293728,0.9974706272
Navy,2019,1.5,-9.8,33.9,13.8,38,33.3,63.8,0.5,31.3,44.3,76.2,12,-2.4,73.6,6.5,2,4.9,No,0.0024079211,0.9975920789
Binghamton,2019,6.2,-5.2,37.2,12.6,42.6,26.7,66.9,-6.1,32.6,43.1,62.2,10.3,-0.5,72.1,7.4,6,5.1,No,0.0023809524,0.9976190476
A&M-Corpus Christi,2019,3.3,2.4,32.4,13.2,41.3,42.9,68.6,5.3,30.6,40.1,67.5,13.6,1.6,66.2,6.5,4,6.6,No,0.0017156841,0.9982843159
Stetson,2019,3.7,-8.8,37.4,14.6,40.8,26.7,71.3,-3,30.3,47.5,70.7,14.6,0.1,80.1,7.1,3,7.1,No,0.0016248058,0.9983751942
Texas Southern,2019,3.2,-6.8,37.2,14.1,41.6,38.5,76.3,-4.7,29.7,47.7,66.4,15.5,2,83.2,7.8,6,7.6,No,0.0016248058,0.9983751942
Evansville,2019,3,0.9,31.8,12.7,42.8,50,75.3,-4.4,33.3,42,74.5,13,0.9,74.4,7.8,2,6.1,No,0.0015192718,0.9984807282
UT Martin,2019,2.8,-3.2,36.5,13.1,43.8,41.7,78.3,-3.3,32.1,48.9,71.2,16.6,1.4,81.5,8.1,2,8.4,No,0.0013683956,0.9986316044
Howard,2019,4.4,-0.9,35.5,12.3,42.6,42.9,81.6,-2.8,32,44.2,70.4,14.1,2.8,82.6,6.9,2,6.8,No,0.0013683956,0.9986316044
Montana St.,2019,1.5,-7.5,37.2,15.1,43.9,38.5,74.3,0.2,35.9,48.5,69.6,14.2,-3.2,81.8,9.2,9,4.6,No,0.0013683956,0.9986316044
UNCW,2019,2,-4.5,38.1,15.9,45.1,33.3,76.9,5.1,35.5,46.6,72.1,15.5,-5,81.4,8.4,3,4.7,No,0.0013683956,0.9986316044
UTEP,2019,2.5,-1.5,33.5,16.8,43.8,41.7,68.3,2.2,33.5,42.3,63.5,11.8,-2.7,69.8,6.3,6,4.9,No,0.0013371224,0.9986628776
Portland,2019,4.2,-2.7,35.8,12.5,43.8,46.7,71.5,-4.6,34.7,42.1,67.8,12.9,-0.6,74.2,7.3,0,5.7,No,0.0012615366,0.9987384634
Fairfield,2019,1.5,-4.8,36.4,13,43.9,23.1,71.9,-6.8,38.1,47.8,72.5,13.2,0.8,76.7,9.7,7,5.7,No,0.0006472417,0.9993527583
Maine,2019,3.3,-9.5,37.3,15.5,43.6,13.3,62.5,-3,28.1,44.1,64.7,14.4,-2.1,72,5.9,8,7.7,No,0.0005831392,0.9994168608
Florida A&amp,2019,2.3,-10.2,32.9,14.7,42.2,20,60.3,-6.3,38.3,46.3,62.9,11.5,0.3,70.5,6.1,2,7.9,No,0.0004230673,0.9995769327
Tulane,2019,3.4,-6.7,33.2,14.6,42.7,28.6,67.9,-3.2,34.5,42.7,64.9,13.4,-3.4,74.6,7,6,4.9,No,0.0004023147,0.9995976853
Chattanooga,2019,2.6,1.7,33.1,13.2,44.6,43.8,73.1,-1,37.4,43.8,68.8,13.3,-0.1,71.4,9,4,4.6,No,0.0004023147,0.9995976853
Southeastern La.,2019,2.7,-8.3,33.5,17.4,40.9,28.6,60.8,-2.9,30.1,44.3,61.9,12.6,-1.4,69.1,6.1,8,7.4,No,0.0003589648,0.9996410352
Jackson St.,2019,3.4,-10.4,32.5,15.2,39.8,23.1,61.6,-0.5,25.5,42.8,62.4,11.1,-0.7,72,4.8,6,6.5,No,0.0003589648,0.9996410352
UT Arlington,2019,2.6,-6.9,28.1,15.9,38.3,28.6,64,0.9,24.4,44.6,72.5,10.6,-1.3,70.9,5.8,3,7.4,No,0.0003589648,0.9996410352
Bryant,2019,2.6,-11.8,43.6,12.3,39.2,33.3,68.4,-6.1,28.4,50.1,72.4,11.2,1.3,80.3,7.8,1,5.4,No,0.0003474815,0.9996525185
Southern U.,2019,2.2,-17.2,39.4,16.3,42.8,7.7,66.7,-5.9,34.7,51.9,69.5,10.5,-1.8,83.8,6,9,6.5,No,0.0003474815,0.9996525185
Morgan St.,2019,2,-7.5,33.4,12.9,39,38.5,70.8,-5.8,30.5,46.2,75,11.8,4.1,78.2,5.2,2,8.2,No,0.0003474815,0.9996525185
Delaware St.,2019,1.9,-17.4,36.3,15.8,35.4,23.1,64.2,-7.2,32.8,46.1,68.8,11.4,-0.7,81.5,8.7,3,7.1,No,0.0003474815,0.9996525185
George Washington,2019,3.3,-7.8,37.7,12.8,40.9,30.8,64,-6.5,31.8,44.2,61.9,10.7,0.6,71.8,5.9,1,5.9,No,0.0003474815,0.9996525185
UMES,2019,1.9,-19.4,37.2,13.3,36.9,13.3,55.4,-10.3,26.8,46.9,65,10.3,0.1,74.8,5.3,7,6.9,No,0.0003474815,0.9996525185
Illinois,2019,2.3,-0.9,33.3,14.8,42.6,28.6,73.9,-3.8,35.4,46.4,67.2,14.5,3.3,74.9,9.2,0,7.7,No,0.0003267289,0.9996732711
Wright St.,2019,1.9,2.8,40.1,11.8,42.3,43.8,71.9,2,36,46,72.2,13.8,2.3,69.1,9,2,5.6,No,0.0003267289,0.9996732711
Rice,2019,3.2,-4.5,35.4,13.3,43.9,40,75.6,-0.7,33.3,46.5,69.1,13.7,-2,80.1,8.7,1,5.2,No,0.0003267289,0.9996732711
Lafayette,2019,3,-4.4,39.6,14.3,44.2,25,74.4,1.4,34.7,44.8,75.3,13.6,-3.5,78.8,8.7,1,4.5,No,0.0003267289,0.9996732711
Columbia,2019,2.2,0.7,37.7,13.2,44.8,30.8,74.5,0.1,37.1,44.2,73.8,18,1.4,73.8,9.5,1,8.2,No,0.0003267289,0.9996732711
VMI,2019,1.8,-1.5,35.5,12.1,41.5,42.9,76,-4.1,34.4,44.6,74.5,13.9,1.4,77.5,10.1,2,6.7,No,0.0003267289,0.9996732711
Tennessee Tech,2019,4.6,-8.5,34.9,16.5,43.5,35.7,71.6,-3.8,33.1,45.4,59.5,13.4,-0.6,80.1,6.6,2,8.1,No,0.0003267289,0.9996732711
Central Ark.,2019,3.4,-4.9,33.2,15.4,42.4,35.7,70.9,-3.3,36.6,44.8,71.7,14.1,-1.4,75.9,8.6,3,5.8,No,0.0003267289,0.9996732711
Sam Houston St.,2019,2.5,1.8,33.7,12.2,41.5,38.5,71.7,2.9,33,43.3,70.1,15.5,3.3,69.9,8.5,7,7,No,0.0003267289,0.9996732711
Robert Morris,2019,3.3,1.5,33.1,15.4,44,42.9,70.4,-2.1,36.9,43.8,68.8,15.4,1.1,68.9,8.6,1,7.8,No,0.0003267289,0.9996732711
Stanford,2019,4.4,-0.5,29.7,15.5,43.8,53.8,73,-1,33,43.6,67.1,12.3,-2.3,73.5,7.5,1,6.3,No,0.0002847039,0.9997152961
Penn St.,2019,3.4,2.9,32.9,13.2,41.7,50,69.3,2.4,32.1,44.3,67.7,12.1,1.4,66.4,7.3,2,8.2,No,0.0002847039,0.9997152961
Charlotte,2019,4.1,-10.8,34.3,14.8,39.7,25,57.3,-2.7,27.2,44,76.8,8.7,-2.8,68.1,5.2,5,4.3,No,0.000283379,0.999716621
SIUE,2019,2.1,-4.7,39.6,13.8,43.8,38.5,75.5,-0.6,29.1,50.4,64.7,11.7,2.8,80.2,6.3,0,7.2,No,0.000283379,0.999716621
South Carolina St.,2019,1.8,-10.1,37.4,14.6,42.4,12.5,67.1,1.1,28.6,48.6,72.4,10.4,-1.5,77.2,4.3,4,5.3,No,0.000283379,0.999716621
Mississippi Val.,2019,1.7,-21.1,41.2,12.8,37.2,14.3,63.2,-5.2,29.4,49.1,68.7,10.4,-1.3,84.3,4.6,0,5.5,No,0.000283379,0.999716621
Canisius,2019,2.8,-8.3,36.5,13.5,40.5,33.3,67.6,-5.3,28.9,47.8,67.8,12.8,2,75.8,7.3,1,7.1,No,0.000283379,0.999716621
UC Davis,2019,1.9,-8.6,34,15.2,40.7,23.1,60.8,-4.2,29.8,46.3,69.3,11.3,-0.6,69.4,6.7,5,6,No,0.000283379,0.999716621
Coppin St.,2019,3.2,-23.4,39.4,16.6,35.6,0,57.1,-3.3,24.9,46.7,62.8,8.9,-6.3,80.5,6.4,5,4.3,No,0.000283379,0.999716621
Middle Tenn.,2019,3.5,-10.5,36.5,18.4,41.1,21.4,65.9,2.4,29.9,44.1,67.8,9.6,-4.8,76.4,4.9,2,6.7,No,0.000283379,0.999716621
Northwestern St.,2019,4.1,-8.8,34.9,16,38.6,35.7,66.4,-3.4,28.6,44.2,65.3,10.4,-0.7,75.1,6.4,2,7,No,0.000283379,0.999716621
Mt. St. Mary's,2019,3.1,-9.6,36.4,14.6,39.8,21.4,67.5,-0.9,29,46.8,65.7,11.1,-1.6,77.1,7.2,4,5.5,No,0.000283379,0.999716621
Prairie View,2019,1.4,-11,34.5,14.2,41.2,15.4,69.3,-5.5,28.5,49.4,68.8,10.1,2.9,80.3,5.4,5,8,No,0.000283379,0.999716621
Eastern Mich.,2019,4.4,-1.4,35.1,14.4,43.8,42.9,69.7,3.6,26.3,44.2,61.8,12.7,0.1,71.1,5.6,2,8,No,0.000283379,0.999716621
Monmouth,2019,2.6,-15.9,39,15.4,39,7.1,61.8,-3.4,27.1,45.5,68.5,10.4,-0.9,77.6,4.8,1,6.6,No,0.000283379,0.999716621
Chicago St.,2019,2.1,-21.9,36.7,17.2,41.5,20,64.9,-5.1,27.4,48.3,67.6,12.3,-4.4,86.9,4.3,3,6.8,No,0.000283379,0.999716621
Quinnipiac,2019,1.9,-1.5,36.9,13.3,40,50,67.9,-1.6,33.8,44.7,65.9,11.7,0.4,69.4,9.6,3,6.2,No,0.0002091181,0.9997908819
Niagara,2019,4.6,-1.6,36.9,11.7,39.3,53.8,71.8,-0.5,31.1,43.3,74.5,11.5,0.9,73.5,7.2,2,4,No,0.0002091181,0.9997908819
Saint Joseph's,2019,3.1,0.5,37.9,9.2,42.6,53.8,73.2,-1.9,35,43.1,73.2,11.7,2.1,72.7,8.8,0,5.6,No,0.0001821494,0.9998178506
Milwaukee,2019,2.9,-3.9,33.1,12.1,41.7,40,71.9,-1.5,33.5,43.1,77.7,11.3,-1.2,75.8,8,4,4.6,No,0.0001025545,0.9998974455
James Madison,2019,3.4,-1.5,33.3,14.4,42.8,43.8,70.1,2.1,34.8,44,70.2,12.4,-1.4,71.6,7.3,7,7.3,No,0.0001025545,0.9998974455
Alcorn,2019,2.7,-2.8,31,15.3,41.1,33.3,67.6,-1.4,33.4,44.4,68.1,13.3,0.2,70.4,8.3,2,8.6,No,0.0001025545,0.9998974455
South Dakota,2019,2.3,0.3,32.3,11.7,43.3,46.7,66,-1.4,32.1,43.5,69.4,12.1,1.5,65.7,6.4,7,6,No,0.0001025545,0.9998974455
New Hampshire,2019,2.2,-5.9,33.8,12.2,39.9,15.4,67.1,-1.3,34.6,45.7,63.5,11.8,0.3,73,9.3,3,4.2,No,0.0001025545,0.9998974455
Long Beach St.,2019,3.1,-6.7,31.1,16.5,40.1,33.3,71.3,-3.1,33.8,44.3,68.7,11.7,-1.3,78,6.7,5,6.6,No,0.0001025545,0.9998974455
Wyoming,2019,2.4,-6.4,33.5,13.4,41.5,28.6,70.2,-5.3,36.2,44.7,74.6,9.9,-1,76.6,7.6,5,5.6,No,0.0001025545,0.9998974455
UC Riverside,2019,1.8,0.7,31.2,12.8,44.1,37.5,67.1,-0.1,37,45.1,70.6,12.9,-0.3,66.4,8.8,5,5.5,No,0.0001025545,0.9998974455
UNI,2019,2,-2.7,32.7,12.5,39.8,42.9,66.2,0.1,32.7,43.6,72,11.9,0.1,68.9,8.5,3,4.6,No,0.0001025545,0.9998974455
St. Bonaventure,2019,4.5,0.1,33.4,14.5,43.5,30.8,67.5,-1,34.1,42.1,71.6,11.6,0.7,67.4,6.5,3,6.5,No,0.0001025545,0.9998974455
Western Caro.,2019,1.3,-10.7,32.8,18.9,44.1,18.8,67.3,2.9,34.4,47.8,60.1,12.1,-7.9,77.9,8.4,3,4.9,No,0.0001025545,0.9998974455
Marist,2019,1.8,-3.1,35.6,13.5,44.6,38.5,66.3,-2,36.5,44,63.5,12.7,-0.2,69.4,8.1,0,5.9,No,2.69687162891046E-05,0.9999730313
Incarnate Word,2019,1.4,-8.7,36.7,15.1,45.4,35.7,65.6,-4.7,31,48.2,79.9,10.2,-0.5,74.4,4.7,1,6.2,No,2.69687162891046E-05,0.9999730313
Alabama A&M,2019,1.5,-18.2,37.5,16.4,39,7.1,60.2,-5.7,31.8,51,59.1,12.9,-0.9,78.4,6.5,2,8.1,No,2.69687162891046E-05,0.9999730313
Morehead St.,2019,3.4,-5.1,36.8,13.2,42.8,28.6,74.8,-0.3,32.7,46.5,66.8,13,0.9,79.9,7.7,1,6.9,No,2.69687162891046E-05,0.9999730313
UMKC,2019,2.8,-4.3,37.8,13,43.5,33.3,71.2,-4.9,35.5,47,63.9,11.9,2.6,75.5,8.3,7,8.5,No,2.69687162891046E-05,0.9999730313
Alabama St.,2019,3.4,-10.4,34.7,16.1,40.4,18.2,65,-2.8,34.2,46.1,60.9,10.4,-1.2,75.4,7.5,1,6,No,2.69687162891046E-05,0.9999730313
Cal Poly,2019,3,-5.4,36.5,14,42.3,30.8,66.4,-2.3,33.8,43.4,67,11.7,-1.9,71.8,8.4,0,6,No,2.69687162891046E-05,0.9999730313
Central Conn. St.,2019,3.9,-4.1,36.2,13.9,42.8,42.9,72.9,-1.8,34.8,44.2,76,11.5,-0.4,77,7,4,6,No,2.69687162891046E-05,0.9999730313
La Salle,2019,2.5,-8.4,35.7,15.1,40.6,16.7,70.7,-4.3,31,48.3,78.8,11.7,0.8,79.1,7.4,8,7.8,No,2.69687162891046E-05,0.9999730313
Saint Peter's,2019,4.8,-8.6,39.4,15,42.7,30.8,66.1,-2.1,34.3,44.5,69.7,10.4,-1.5,74.7,6.5,5,5.8,No,2.69687162891046E-05,0.9999730313
Eastern Wash.,2019,2.4,-10.6,39.6,11.6,38.9,21.4,66.4,-4.9,30.9,46.9,69.3,13.1,0.5,76.9,9,4,5.8,No,2.69687162891046E-05,0.9999730313
Fairleigh Dickinson,2019,3.8,0.4,36,14.5,45.5,38.5,72.6,-1.2,36.8,46.9,67.7,13.1,2.1,72.2,7.4,2,8.9,No,2.69687162891046E-05,0.9999730313
Western Mich.,2019,2.4,1.8,35.2,14.6,44.8,46.2,74,4.3,34.3,42.8,69.8,12.5,-3.9,72.2,8.1,2,4.2,No,2.69687162891046E-05,0.9999730313
Albany (NY),2019,2,-2.2,34.9,15.1,40.9,33.3,69.1,0.4,34.9,44.5,76.5,12.3,-2.5,71.3,8.4,5,5.6,No,2.69687162891046E-05,0.9999730313
Southern Utah,2019,3.6,-1.5,35.3,14.2,43.1,41.7,76.7,-2.9,32,43,65.1,12,1.2,78.2,8.1,6,7.5,No,2.69687162891046E-05,0.9999730313
North Dakota St.,2019,2.5,-1.9,35.9,11.5,44.4,37.5,72.8,-2.3,34.2,48.3,79.6,11.6,-0.9,74.7,9.1,1,4.8,No,2.69687162891046E-05,0.9999730313
Denver,2019,2.7,-8.7,41,14.4,43.6,29.4,68.8,1.3,37.5,47.3,72,12.5,-2.8,77.5,7.6,5,5.2,No,2.69687162891046E-05,0.9999730313
San Jose St.,2019,2.4,-7.2,34.9,16.5,41.4,23.1,68.3,4.2,33.8,46.3,70.2,12.8,-3.9,75.5,6.8,1,3.8,No,2.69687162891046E-05,0.9999730313
Ark.-Pine Bluff,2019,2.4,-13.6,39.3,15.2,39.8,23.1,65.5,-3.1,32,48.8,70.8,10.4,-1.5,79.1,6.2,3,6.2,No,2.69687162891046E-05,0.9999730313
Northern Ariz.,2019,2.4,-9.1,34,12.9,41.7,23.1,70.7,-3.9,33.1,48.5,69,11.4,-1.9,79.8,8,2,6.2,No,2.69687162891046E-05,0.9999730313
Manhattan,2019,2.2,-9.8,37.8,16.8,37.9,15.4,54.5,-1.5,30.5,43.6,55.7,10.8,-0.3,64.3,5.8,6,7.8,No,2.69687162891046E-05,0.9999730313
UNC Asheville,2019,3,-16.9,35.2,17.1,39.9,14.3,59.1,-4.6,33.1,49.4,73.5,11.1,-4,76,7.1,2,6.4,No,2.69687162891046E-05,0.9999730313
